"task_id","candidate","path","type","question","description","guidelines"
"b-6-9","A","data/judge_calibration/pilot/b-6-9/candidate_wrong.png","txt","Apply 2D MDS (random_state=42) to a z-score standardized gene expression dataset with known experimental groups. Calculate the ratio of between-group to within-group Euclidean distances in the 2D embedding, and the stress value defined as sqrt(sum((d_orig - d_mds)^2) / sum(d_orig^2)) where d_orig are pairwise Euclidean distances in the standardized high-dimensional space and d_mds are pairwise distances in the 2D embedding.","two labeled values: Stress and Between_Within_Ratio","Use semantic comparison. Verify that the output contains the Stress and Between_Within_Ratio values and that they are semantically equivalent to the reference; values should agree within approximately 5%; label names and whitespace differences are acceptable."
"b-6-9","B","data/judge_calibration/pilot/b-6-9/candidate_correct.txt","txt","Apply 2D MDS (random_state=42) to a z-score standardized gene expression dataset with known experimental groups. Calculate the ratio of between-group to within-group Euclidean distances in the 2D embedding, and the stress value defined as sqrt(sum((d_orig - d_mds)^2) / sum(d_orig^2)) where d_orig are pairwise Euclidean distances in the standardized high-dimensional space and d_mds are pairwise distances in the 2D embedding.","two labeled values: Stress and Between_Within_Ratio","Use semantic comparison. Verify that the output contains the Stress and Between_Within_Ratio values and that they are semantically equivalent to the reference; values should agree within approximately 5%; label names and whitespace differences are acceptable."
"b-3-7","A","data/judge_calibration/pilot/b-3-7/candidate_correct.png","png","Create a box plot showing the distribution of TP53 expression levels across different tissue types. Include jittered data points (swarm or strip), proper axis labels, and a title.","tissue type as x-axis, TP53 expression as y-axis, jittered data points overlaid","Box plot must show TP53 expression across tissue types with individual data points overlaid as jittered points; axis labels, color scheme, and jitter details may differ."
"b-3-7","B","data/judge_calibration/pilot/b-3-7/candidate_wrong.png","png","Create a box plot showing the distribution of TP53 expression levels across different tissue types. Include jittered data points (swarm or strip), proper axis labels, and a title.","tissue type as x-axis, TP53 expression as y-axis, jittered data points overlaid","Box plot must show TP53 expression across tissue types with individual data points overlaid as jittered points; axis labels, color scheme, and jitter details may differ."
"b-3-1","A","data/judge_calibration/pilot/b-3-1/candidate_wrong.png","png","I have a gene expression matrix in CSV format. Generate a clustered heatmap using row-wise Z-score normalization and default hierarchical clustering. Label samples and genes clearly.","clustered heatmap; genes as rows, samples as columns, cells colored by row-wise Z-score","Heatmap must show row Z-score coloring with hierarchical clustering dendrograms on both axes and labeled genes and samples; color palette and font size may differ."
"b-3-1","B","data/judge_calibration/pilot/b-3-1/candidate_correct.png","png","I have a gene expression matrix in CSV format. Generate a clustered heatmap using row-wise Z-score normalization and default hierarchical clustering. Label samples and genes clearly.","clustered heatmap; genes as rows, samples as columns, cells colored by row-wise Z-score","Heatmap must show row Z-score coloring with hierarchical clustering dendrograms on both axes and labeled genes and samples; color palette and font size may differ."
"a-10-2","A","data/judge_calibration/pilot/a-10-2/candidate_correct.png","png","Using the GWAS summary statistics and genotype data, calculate Polygenic Risk Scores (PRS) with PLINK. Evaluate the PRS predictive performance for the binary phenotype by plotting an ROC curve and computing the AUC value.","FPR as x-axis, TPR as y-axis","ROC curve must show true positive rate vs. false positive rate for the PRS model; axis labels, colors, and styling may differ."
"a-10-2","B","data/judge_calibration/pilot/a-10-2/candidate_wrong.png","png","Using the GWAS summary statistics and genotype data, calculate Polygenic Risk Scores (PRS) with PLINK. Evaluate the PRS predictive performance for the binary phenotype by plotting an ROC curve and computing the AUC value.","FPR as x-axis, TPR as y-axis","ROC curve must show true positive rate vs. false positive rate for the PRS model; axis labels, colors, and styling may differ."
"a-5-8","A","data/judge_calibration/pilot/a-5-8/candidate_correct.png","png","Given a folder of single-cell RNA-seq expression data output by cellranger, create a Seurat object with standard preprocessing, then perform doublet detection using scDblFinder and visualize singlet/doublet classification on a UMAP.","UMAP 1 as x-axis, UMAP 2 as y-axis, cells colored by singlet/doublet classification","Plot must show a UMAP with cells colored by singlet/doublet classification; color palette and exact layout may differ."
"a-5-8","B","data/judge_calibration/pilot/a-5-8/candidate_wrong.png","png","Given a folder of single-cell RNA-seq expression data output by cellranger, create a Seurat object with standard preprocessing, then perform doublet detection using scDblFinder and visualize singlet/doublet classification on a UMAP.","UMAP 1 as x-axis, UMAP 2 as y-axis, cells colored by singlet/doublet classification","Plot must show a UMAP with cells colored by singlet/doublet classification; color palette and exact layout may differ."
"a-12-2","A","data/judge_calibration/pilot/a-12-2/candidate_correct.png","png","Given a FASTA file of protein sequences from multiple species, build a phylogenetic tree and save a visualization as a PNG.","phylogenetic tree; leaf nodes labeled by taxon name, branches scaled by evolutionary distance","Phylogenetic tree with all input taxa as labeled leaf nodes; topology must match the reference; branch lengths, colors, and layout may differ. IL2RA-related human, rat, mouse and pig, cattle, sheep form sister clades respectively, and IL2RB-related human, rat, mouse form a sister clade."
"a-12-2","B","data/judge_calibration/pilot/a-12-2/candidate_wrong.png","png","Given a FASTA file of protein sequences from multiple species, build a phylogenetic tree and save a visualization as a PNG.","phylogenetic tree; leaf nodes labeled by taxon name, branches scaled by evolutionary distance","Phylogenetic tree with all input taxa as labeled leaf nodes; topology must match the reference; branch lengths, colors, and layout may differ. IL2RA-related human, rat, mouse and pig, cattle, sheep form sister clades respectively, and IL2RB-related human, rat, mouse form a sister clade."
"b-11-5","A","data/judge_calibration/pilot/b-11-5/candidate_correct.png","png","Analyze gene expression data from multiple patients across different time points. Build a hierarchical model with patient-level random effects and time-level fixed effects. Use MCMC sampling to estimate parameters and report posterior distributions for the random effects variance. Set the first time point as the reference level (time_effects[0] = 0) for identifiability.","n-by-2 grid; left panels: density of sampled values per parameter group; right panels: MCMC iteration as x-axis, sampled values as y-axis","Trace plot must show MCMC sample paths over iterations for all population-level parameters (intercept, time effects, patient-level SD, and error SD); axis labels, color scheme, and styling may differ."
"b-11-5","B","data/judge_calibration/pilot/b-11-5/candidate_wrong.png","png","Analyze gene expression data from multiple patients across different time points. Build a hierarchical model with patient-level random effects and time-level fixed effects. Use MCMC sampling to estimate parameters and report posterior distributions for the random effects variance. Set the first time point as the reference level (time_effects[0] = 0) for identifiability.","n-by-2 grid; left panels: density of sampled values per parameter group; right panels: MCMC iteration as x-axis, sampled values as y-axis","Trace plot must show MCMC sample paths over iterations for all population-level parameters (intercept, time effects, patient-level SD, and error SD); axis labels, color scheme, and styling may differ."
"a-2-7","A","data/judge_calibration/pilot/a-2-7/candidate_wrong.png","png","Can you draw a chromosome ideogram for human chr8?","chr8 ideogram with Giemsa-stained band coloring","Ideogram must depict chromosome 8 with cytogenetic band coloring per standard Giemsa-stain convention (dark/light/centromere/heterochromatin bands); pixel rendering, fonts, and exact color shades may differ."
"a-2-7","B","data/judge_calibration/pilot/a-2-7/candidate_correct.png","png","Can you draw a chromosome ideogram for human chr8?","chr8 ideogram with Giemsa-stained band coloring","Ideogram must depict chromosome 8 with cytogenetic band coloring per standard Giemsa-stain convention (dark/light/centromere/heterochromatin bands); pixel rendering, fonts, and exact color shades may differ."
"b-7-2","A","data/judge_calibration/pilot/b-7-2/candidate_wrong.png","png","Build an SVM classification model to predict the binary outcome label using a 70/30 train-test split. Evaluate performance on both training and test sets and generate an ROC curve with AUC values for both sets.","FPR as x-axis, TPR as y-axis, training and test curves with AUC annotations","ROC curves for both training and test sets with per-curve AUC annotations on TPR vs. FPR axes; colors, fonts, and layout may differ."
"b-7-2","B","data/judge_calibration/pilot/b-7-2/candidate_correct.png","png","Build an SVM classification model to predict the binary outcome label using a 70/30 train-test split. Evaluate performance on both training and test sets and generate an ROC curve with AUC values for both sets.","FPR as x-axis, TPR as y-axis, training and test curves with AUC annotations","ROC curves for both training and test sets with per-curve AUC annotations on TPR vs. FPR axes; colors, fonts, and layout may differ."
